Timestamp,What is your age range？,What is your gender?,How likely are you to purchase this product?,What would most likely be your next step?,"If you did not purchase this product, how likely would you regret it later?",How much do you currently need a new pair of earbuds?,Have you purchased similar products in the past 3 months?,How likely are you to purchase this product?,What would most likely be your next step?,"If you did not purchase this product, how likely would you regret it later?",How much do you currently need a new pair of shoes?,Have you purchased similar products in the past 3 months?,How likely are you to purchase this product?,What would most likely be your next step?,"If you did not purchase this product, how likely would you regret it later?",How much do you currently need a new water bottle？,Have you purchased similar products in the past 3 months?
2/24/2026 10:33:01,25–34,Male,1,Do nothing,1,1,No,5,Compare with other options first,1,3,No,1,Do nothing,1,1,No
2/24/2026 10:35:15,25–34,Female,1,Compare with other options first,1,1,No,3,Compare with other options first,1,1,Yes,4,Add to cart / save for later,1,1,Yes
2/24/2026 10:41:12,25–34,Female,1,Do nothing,1,2,No,1,Do nothing,1,1,No,2,Compare with other options first,1,2,No
2/24/2026 10:45:51,55 or above,Male,2,Do nothing,1,1,No,3,Compare with other options first,2,3,No,1,Do nothing,1,1,No
2/24/2026 10:46:47,55 or above,Female,1,Do nothing,1,1,No,4,Compare with other options first,1,4,No,1,Do nothing,1,3,No
2/24/2026 11:59:25,25–34,Female,1,Compare with other options first,1,4,No,1,Compare with other options first,1,3,No,1,Compare with other options first,1,5,No
2/24/2026 12:35:26,45–54,Male,1,Do nothing,1,4,No,5,Compare with other options first,1,5,Yes,1,Do nothing,1,1,No
2/24/2026 12:39:56,25–34,Female,3,Compare with other options first,1,1,No,1,Do nothing,1,1,No,3,Do nothing,1,1,No
2/24/2026 13:24:47,55 or above,Female,5,Compare with other options first,3,1,No,3,Add to cart / save for later,3,3,No,4,Compare with other options first,3,2,Yes
2/24/2026 13:51:31,35–44,Female,7,Do nothing,1,5,Yes,3,Compare with other options first,2,1,No,4,Compare with other options first,3,5,No
2/24/2026 17:00:04,18–24,Female,4,Compare with other options first,5,2,No,2,Do nothing,1,1,No,6,Add to cart / save for later,5,6,Yes
2/24/2026 22:49:03,18–24,Male,4,Add to cart / save for later,4,4,No,4,Add to cart / save for later,3,4,No,3,Compare with other options first,2,5,No
2/24/2026 22:49:08,18–24,Female,5,Add to cart / save for later,3,1,No,4,Add to cart / save for later,2,3,Yes,3,Add to cart / save for later,2,1,Yes
2/24/2026 22:56:15,18–24,Female,1,Do nothing,1,1,No,1,Do nothing,1,1,No,1,Do nothing,1,1,No
2/24/2026 23:04:53,18–24,Female,5,Add to cart / save for later,3,7,No,3,Do nothing,3,3,Yes,4,Compare with other options first,3,3,Yes
2/24/2026 23:06:24,25–34,Male,1,Do nothing,1,1,No,1,Do nothing,1,1,No,5,Compare with other options first,5,1,Yes
2/24/2026 23:16:00,25–34,Male,2,Do nothing,2,2,No,4,Compare with other options first,2,2,No,3,Do nothing,3,3,No
2/24/2026 23:33:14,18–24,Female,4,Compare with other options first,1,1,Yes,1,Do nothing,1,1,No,4,Compare with other options first,1,5,No
2/24/2026 23:37:29,18–24,Male,1,Do nothing,1,1,No,1,Do nothing,1,1,No,1,Do nothing,1,1,No
2/24/2026 23:40:34,18–24,Female,1,Do nothing,6,1,Yes,2,Compare with other options first,4,2,No,1,Do nothing,2,1,No
2/24/2026 23:51:24,18–24,Male,2,Do nothing,1,1,No,2,Do nothing,1,3,No,1,Do nothing,1,1,No
2/25/2026 0:25:36,25–34,Male,1,Do nothing,1,2,No,2,Do nothing,1,1,Yes,2,Do nothing,2,1,No
2/25/2026 0:44:40,25–34,Male,2,Add to cart / save for later,2,2,Maybe,1,Do nothing,1,1,No,3,Add to cart / save for later,4,4,Maybe
2/25/2026 1:07:47,18–24,Male,1,Do nothing,1,1,Yes,1,Do nothing,1,1,No,1,Compare with other options first,2,1,No
2/25/2026 3:48:03,18–24,Female,1,Do nothing,1,1,No,1,Do nothing,1,1,Yes,1,Do nothing,1,1,No
2/25/2026 9:21:43,18–24,Male,3,Compare with other options first,3,1,No,3,Compare with other options first,3,2,No,4,Compare with other options first,3,4,No
2/25/2026 11:37:19,18–24,Female,3,Compare with other options first,2,1,Yes,4,Add to cart / save for later,4,3,No,5,Add to cart / save for later,4,3,No
2/26/2026 10:14:31,18–24,Male,4,Compare with other options first,1,1,No,1,Do nothing,1,1,No,2,Do nothing,1,1,No
2/26/2026 10:19:59,35–44,Female,4,Compare with other options first,4,4,Yes,4,Compare with other options first,4,5,No,4,Compare with other options first,4,4,Maybe
2/26/2026 10:20:10,18–24,Female,5,Add to cart / save for later,4,3,No,2,Do nothing,1,2,No,4,Add to cart / save for later,3,1,No